motif,toxic,neutral,anti.tox,pvalues,significant
L..V.H..,41,1,0,1.07521216991733e-17,TRUE
......FC,50,2,3,1.5070710083253e-18,TRUE
I.HL....,40,0,2,1.74306873769777e-16,TRUE
.NHL....,40,0,4,4.25403227617138e-15,TRUE
...I.FW.,44,1,1,3.4934140643436e-18,TRUE
.M.I.F..,40,2,0,1.74306873769777e-16,TRUE
KQ..Y...,40,2,0,1.74306873769777e-16,TRUE
INH.....,40,0,2,1.74306873769777e-16,TRUE
...MTC..,40,1,0,2.91764227247644e-17,TRUE
W..W...K,40,1,1,1.87212804087375e-16,TRUE
F...A..F,40,1,0,2.91764227247644e-17,TRUE
.G....F.,40,0,2,1.74306873769777e-16,TRUE
..I....C,45,2,1,7.4560939201666e-18,TRUE
AL...T..,40,1,0,2.91764227247644e-17,TRUE
...F.G..,80,2,3,2.03307545187516e-31,TRUE
IN.L....,41,1,1,6.9215813016051e-17,TRUE
....VH.G,41,1,0,1.07521216991733e-17,TRUE
..M..NL.,40,0,1,2.91764227247644e-17,TRUE
..DS.W..,40,0,1,2.91764227247644e-17,TRUE
..Y..Q.H,40,1,0,2.91764227247644e-17,TRUE
.....EIW,41,2,0,6.45514065054917e-17,TRUE
.F....C.,43,1,0,1.45987359865849e-18,TRUE
P.S....N,40,1,0,2.91764227247644e-17,TRUE
HA.V....,39,1,0,7.91647935331536e-17,TRUE
..Q.LE..,40,0,1,2.91764227247644e-17,TRUE
....R..C,45,1,0,1.98158964892048e-19,TRUE
.P...K.F,40,1,0,2.91764227247644e-17,TRUE
I.G....A,40,1,0,2.91764227247644e-17,TRUE
...C.AH.,40,0,1,2.91764227247644e-17,TRUE
..K..N..,43,1,0,1.45987359865849e-18,TRUE
.MG....Y,41,1,0,1.07521216991733e-17,TRUE
.LI..T..,42,1,0,3.96206055470399e-18,TRUE
P.....QN,40,1,0,2.91764227247644e-17,TRUE
...C..E.,47,5,4,9.68830271406627e-15,TRUE
....KEI.,40,1,0,2.91764227247644e-17,TRUE
A....H.G,41,2,0,6.45514065054917e-17,TRUE
.Q.CY...,40,0,1,2.91764227247644e-17,TRUE
...F.GA.,42,1,0,3.96206055470399e-18,TRUE
.....H.L,44,1,1,3.4934140643436e-18,TRUE
..S...Q.,44,4,0,8.53304762574407e-17,TRUE
....VH..,46,3,4,1.55961153194785e-15,TRUE
Y.....Q.,43,2,0,8.84511215190046e-18,TRUE
..G...V.,42,5,1,1.34809340538292e-14,TRUE
T......Y,43,3,0,4.74451900995893e-17,TRUE
....F.P.,44,1,1,3.4934140643436e-18,TRUE
D.AC....,41,1,0,1.07521216991733e-17,TRUE
...CY...,51,5,5,8.60924734068243e-16,TRUE
V..D....,42,1,2,1.45454744988741e-16,TRUE
...I..W.,82,4,2,1.53049686074358e-31,TRUE
D..C....,45,2,3,2.01649627466778e-16,TRUE
