motif,toxic,neutral,anti.tox,pvalues,significant
N..K...T,201,1,0,3.70636497547534e-87,TRUE
R....M.Q,200,0,1,1.00742001726126e-86,TRUE
.LF....P,200,1,0,1.00742001726126e-86,TRUE
...VEF..,200,0,1,1.00742001726126e-86,TRUE
...K.V.T,201,1,0,3.70636497547534e-87,TRUE
..M..P.N,200,1,0,1.00742001726126e-86,TRUE
VGY.....,200,2,0,7.12003084013277e-86,TRUE
V.Y..I..,200,1,1,7.22656299465502e-86,TRUE
...V.F..,200,3,10,3.82403321724041e-77,TRUE
.MN.....,203,1,1,3.60024050961736e-87,TRUE
