motif,toxic,neutral,anti.tox,pvalues,significant
.H.F.M..,80,1,0,1.28512517333738e-34,TRUE
...E...K,174,5,4,6.54284061905146e-69,TRUE
..NRW...,80,0,3,5.25934694439746e-33,TRUE
..MF..H.,80,0,1,1.28512517333738e-34,TRUE
....QHN.,80,2,1,5.6536198453933e-33,TRUE
..TGV...,80,1,0,1.28512517333738e-34,TRUE
..N..LF.,81,0,1,4.72984715930267e-35,TRUE
.Q..L.A.,81,1,0,4.72984715930267e-35,TRUE
..P..Q.K,80,1,0,1.28512517333738e-34,TRUE
.EW..R..,80,1,0,1.28512517333738e-34,TRUE
Q.W..R..,80,1,1,8.82984149957331e-34,TRUE
.E.....D,87,4,0,2.89505968478666e-35,TRUE
...W..LP,80,1,0,1.28512517333738e-34,TRUE
...E..G.,92,4,0,2.00500878196165e-37,TRUE
..N.W..I,80,0,8,1.80967906067078e-29,TRUE
..C...RE,81,0,1,4.72984715930267e-35,TRUE
.E...N.D,80,2,0,8.51263643014149e-34,TRUE
.....QFK,82,0,1,1.74078067513632e-35,TRUE
.Q...NA.,80,2,0,8.51263643014149e-34,TRUE
.....SLP,80,1,0,1.28512517333738e-34,TRUE
....HRG.,80,1,0,1.28512517333738e-34,TRUE
QEW.....,80,1,0,1.28512517333738e-34,TRUE
..R..P.R,80,1,0,1.28512517333738e-34,TRUE
.M.V..L.,80,1,1,8.82984149957331e-34,TRUE
..P..QF.,80,3,0,5.25934694439746e-33,TRUE
