motif,toxic,neutral,anti.tox,pvalues,significant
..T....I,25,1,0,9.14357464068233e-11,TRUE
.....P.G,36,2,0,9.23487355132325e-15,TRUE
.....R.M,34,2,0,6.70502984971843e-14,TRUE
.H..V...,25,2,0,4.86178904046217e-10,TRUE
G.T.....,23,1,0,6.69158609129278e-10,TRUE
....H.LC,20,1,0,1.32025328543343e-08,TRUE
......YH,24,4,0,2.02667198131652e-08,TRUE
..T..H..,32,1,1,5.30632935817354e-13,TRUE
.CT.....,32,4,0,9.95114661873786e-12,TRUE
W.....R.,23,4,0,5.17015653784226e-08,TRUE
....T..H,22,1,0,1.80910284081864e-09,TRUE
H.....Q.,21,1,0,4.88858160254997e-09,TRUE
R.....R.,20,1,0,1.32025328543343e-08,TRUE
.T...E..,26,3,0,8.12394965949503e-10,TRUE
...R...Y,20,5,0,2.26032940698105e-06,TRUE
..E.F...,35,5,0,2.12978517095578e-12,TRUE
...A..S.,32,4,0,9.95114661873786e-12,TRUE
T......H,23,2,0,3.46691738321867e-09,TRUE
Q..G....,18,2,0,4.56352636790399e-07,TRUE
.N......,117,90,30,1.25504345834768e-11,TRUE
..R.FW..,19,1,0,3.56327741646134e-08,TRUE
....FW..,44,6,0,1.46049642479534e-15,TRUE
..L.P.T.,22,1,0,1.80910284081864e-09,TRUE
S......I,31,4,0,2.60389252774146e-11,TRUE
A......P,19,3,0,6.62481815825876e-07,TRUE
..GSY...,15,1,0,1.87387889506672e-06,TRUE
...SDM..,19,1,1,1.99276719364272e-07,TRUE
.K.E....,19,2,0,1.72748583951606e-07,TRUE
...I..Y.,25,4,1,3.74597055629525e-08,TRUE
W.Q.....,19,1,0,3.56327741646134e-08,TRUE
G.Y....D,20,1,0,1.32025328543343e-08,TRUE
..A.V.N.,19,1,0,3.56327741646134e-08,TRUE
.H...K..,39,5,1,2.37961698070608e-13,TRUE
....C.G.,25,4,0,7.90972822793518e-09,TRUE
W......Y,29,4,0,1.7705769880158e-10,TRUE
L....F..,23,2,0,3.46691738321867e-09,TRUE
...G...W,22,3,0,3.82164418123318e-08,TRUE
.N...R..,28,6,0,4.69639526103983e-09,TRUE
...R.L..,17,3,0,4.32975326609297e-06,TRUE
....Y..M,24,4,0,2.02667198131652e-08,TRUE
Q......L,22,4,0,1.31251061727653e-07,TRUE
GEE.....,20,1,0,1.32025328543343e-08,TRUE
..GC.N..,17,0,1,2.58940723906427e-07,TRUE
G.E.....,22,3,0,3.82164418123318e-08,TRUE
..N.F...,19,2,0,1.72748583951606e-07,TRUE
..N....F,20,5,0,2.26032940698105e-06,TRUE
I...H..C,20,1,0,1.32025328543343e-08,TRUE
D......M,38,2,2,3.97112108805868e-14,TRUE
.....NG.,26,4,0,3.07487987958661e-09,TRUE
F....N..,23,5,0,1.55196865088796e-07,TRUE
