motif,toxic,neutral,anti.tox,pvalues,significant
Y.VD....,400,1,0,1.40458205841281e-173,TRUE
.Q..F.G.,400,1,0,1.40458205841281e-173,TRUE
NQ...W..,400,1,0,1.40458205841281e-173,TRUE
.QD.....,418,2,0,1.54766185341082e-180,TRUE
N.....K.,423,3,0,7.44175451704062e-182,TRUE
