motif,toxic,neutral,anti.tox,pvalues,significant
T.....L.,81,4,0,1.12526334584301e-32,TRUE
...NK..G,41,1,0,1.07521216991733e-17,TRUE
.DY...Q.,40,1,0,2.91764227247644e-17,TRUE
..EN....,50,1,0,1.34374893920299e-21,TRUE
W.....H.,43,3,0,4.74451900995893e-17,TRUE
M.AK....,40,2,0,1.74306873769777e-16,TRUE
....Q.H.,43,1,0,1.45987359865849e-18,TRUE
..E...H.,54,2,0,1.55672823182561e-22,TRUE
Q..M....,45,1,0,1.98158964892048e-19,TRUE
C......R,45,3,0,6.57997978992686e-18,TRUE
....W..R,43,1,0,1.45987359865849e-18,TRUE
.....EC.,87,3,1,3.19602172749219e-35,TRUE
QD......,83,7,0,2.11024604455192e-31,TRUE
.A..K...,51,1,1,3.26897222793018e-21,TRUE
.....DA.,47,3,2,2.85135048018673e-17,TRUE
...N.D..,47,3,0,9.10766864501394e-19,TRUE
W...V.R.,40,1,0,2.91764227247644e-17,TRUE
..E...A.,42,2,0,2.389823008479e-17,TRUE
..H.G...,43,1,0,1.45987359865849e-18,TRUE
.K..I...,41,2,0,6.45514065054917e-17,TRUE
..R....S,45,2,0,1.21071673226214e-18,TRUE
....NI.Y,40,1,0,2.91764227247644e-17,TRUE
Q......K,43,2,0,8.84511215190046e-18,TRUE
I..E.E..,41,1,0,1.07521216991733e-17,TRUE
......AT,42,7,0,3.44247710846996e-14,TRUE
.K..I..T,40,1,0,2.91764227247644e-17,TRUE
..P...H.,44,2,0,3.27285308865808e-18,TRUE
H......F,40,1,0,2.91764227247644e-17,TRUE
..T.N...,42,2,0,2.389823008479e-17,TRUE
..Y....I,40,2,0,1.74306873769777e-16,TRUE
...HN..Y,40,1,0,2.91764227247644e-17,TRUE
C...A...,41,1,0,1.07521216991733e-17,TRUE
.M..A...,41,2,0,6.45514065054917e-17,TRUE
...EK...,44,1,0,5.37871823884141e-19,TRUE
.....R.V,42,2,0,2.389823008479e-17,TRUE
...H.I.Y,40,2,0,1.74306873769777e-16,TRUE
.DY.....,48,5,0,7.62503821489315e-18,TRUE
.F..I...,43,2,0,8.84511215190046e-18,TRUE
..RA....,43,2,0,8.84511215190046e-18,TRUE
C....I..,47,3,0,9.10766864501394e-19,TRUE
